symbol,volatility,VaR_95,VaR_99,max_drawdown,sharpe_ratio,sortino_ratio,annual_return
طلوع,0.0004837373319296385,0.0006584758092754051,0.0006305529760127948,0.0,36.05740461723272,0.0,0.27688813025696885
اصیل,0.0011058103138562405,0.0006365777812014972,8.168079481490231e-05,-0.008113417029635216,17.04418858718973,4.743103324290503,0.2991970019980968
اونیکس,0.0011629473385398204,0.0005794022864720749,0.000326535109569881,-0.0003077396522541592,16.959594454163042,0.0,0.3130947479188412
فاخر,0.0011140229847943519,0.0006337166488989077,0.0004236880115551855,-0.0007207856563655587,16.763195207096423,0.0,0.29644984266302765
آلا,0.0016271456204372775,0.0006552377392262665,0.0,-0.0009635767970706204,11.687585594917852,47.43401871380425,0.30189192486023086
نشان,0.0015295465808441147,0.0005149473591573583,0.00032746495647103526,-0.019638554216867443,11.18377996982467,1.577414532706303,0.27155111607551446
بمان,0.0021385676062673337,0.0006293437267838708,0.0,-0.0038095238095238143,9.460468483589064,0.0,0.32117068482184086
خورشید,0.0022068619401002035,0.0005797461328348241,0.00038855018462749855,-0.002268645429624688,9.099681169931923,13.665811516691502,0.3187877402511161
اوصتا,0.0020670619494134517,-0.0006747638326585204,-0.00499108870003695,-0.020966767371601018,7.57594964176395,5.66865867800701,0.2485941143168833
پایش,0.003027131287416571,0.0006777166652478961,3.671007779040272e-05,0.0,7.31283384731736,0.0,0.3514125223883598
یارا,0.0024487071709840234,0.00048585823387206075,-0.00042895731595188227,-0.03051623294057812,7.224504652897441,1.7812978538680084,0.28083109837562203
پاداش,0.002075733642525569,0.0004954910316123939,-0.006026598715398881,-0.02778857364943641,6.594095132915684,1.783472443898468,0.21728367749113356
دامون,0.003195458012113854,0.0006650304495272596,8.909126905563077e-06,-0.039381423494381514,5.167982210180077,1.7904471581470598,0.2621527366607067
آتی1,0.3499205142403995,0.0,0.0,0.0,4.996820612274266,0.0,27.75641886592902
دزاگرس,0.030735450300411644,-0.029245689655172418,-0.03103796376186368,-0.2388888888888889,4.884974851208153,16.176022519223295,2.383428800532851
خیمن,0.03206275681835158,-0.0298227877453566,-0.030862840017197607,-0.17487007031488797,4.394697792767356,15.262897678743464,2.2368154154457724
گارانتی,0.009921594949074396,-0.0010402654280026453,-0.02616970113363108,-0.05605856289732221,3.497866209353976,2.1525377424470844,0.550915456772317
پشاهن,0.03435497418825924,-0.029587458993064385,-0.05587523517558184,-0.41375661375661466,3.3350518774705553,4.216599948736283,1.8188315995118827
رویش,0.12495491468926732,-0.09916179532326322,-0.09999999999999998,-0.5291530821138827,2.7531724309476884,9.867955557780668,5.4611867114639505
آسامید,0.0050992805894552904,-0.0007942957146295893,-0.014341714452495005,-0.09279977051061392,2.7206544362470213,1.508354539686103,0.22023308561645427
نیشکر,0.034692567198368274,-0.035235668645231547,-0.07842538659299335,-0.2425463336019343,2.3597595962960436,3.43625014886705,1.2995843399995368
رشد,0.0033710531379057764,0.0,-0.01778741587584259,-0.03287247413709715,2.2263920658066088,0.920400179398228,0.1191427210058867
اخزا203,0.009082217476233988,-0.012657561339855693,-0.023069964152351363,-0.1166925898189218,2.117599697701644,2.626099015390835,0.3053064881311872
اخزا201,0.006125746236884493,-0.008728341386322253,-0.014184552982930509,-0.06193976335604159,2.0205250958572387,3.0498739575113945,0.19648233979138027
بازبیمه,0.013344604794233323,-0.019843020669107602,-0.025553872244205782,-0.13944954128440418,1.9573119099881136,3.567058046781074,0.4146350638177526
خبرنا,0.028291217796316357,-0.03219311298203844,-0.03403241335725524,-0.22236024844720503,1.863988520196704,6.009503759670039,0.8371343175436117
غگز,0.04977613478579803,-0.04917486247707947,-0.08949973944762896,-0.9575342465753425,1.7966844103648103,1.5613977598774575,1.4196890728776652
اخزا202,0.006460977987711771,-0.009515408094147403,-0.016994769107262716,-0.08593861527480347,1.6920245380922743,2.317196602623325,0.173542235992357
درهآور,0.03244144703153422,-0.044486319910048755,-0.06173467714766988,-0.7013922527618479,1.6319442108216675,2.2084842006610756,0.8404382229728381
موج,0.02815320954180322,-0.03935667584450564,-0.053458608140755794,-0.3748251748251749,1.553402183026977,2.7445185122614335,0.6942439348322357
معین,0.03338752340229025,-0.03569623571882343,-0.06186938397406208,-0.37672052663076033,1.5448864477357098,3.106691042430143,0.81880604307058
خلیج,0.016825807275028408,-0.025319359452347107,-0.03287885547600118,-0.12358554873892301,1.4756297431385388,2.553801416545374,0.3941427849502022
فسدید,0.03967576123850484,-0.04512257405515831,-0.10669306711037162,-0.640743025127963,1.4416159465028004,1.9474303351110593,0.9079775615260525
وشمال,0.03829282322679133,-0.049004695215737054,-0.0860466300768386,-0.8769289827255278,1.382442377922146,2.098076403422365,0.8403586905011374
کابگن,0.04597267546767966,-0.06591772028026774,-0.11313370789226203,-0.651365485183033,1.3817117348431365,1.872850858965938,1.0083643788543708
سامان07,0.016466811593801797,-0.03751830531459284,-0.03753253498014665,-0.07364520611394156,1.3703083817622914,4.652449037203465,0.35820207811970006
مبتکران06,0.012488202809716369,-0.026213592233009696,-0.03249321064001093,-0.03344287647399957,1.3577154609329416,5.554891384825758,0.2691590439549727
سپینود,0.017604104271957764,-0.02488283340374592,-0.0321322820470078,-0.12466555788560271,1.357191913316468,1.8862082029115923,0.3792760907213259
آذرین,0.015163576038813536,-0.02384127239135677,-0.030666642290171735,-0.17545615520825292,1.3264090641972324,2.031943710701852,0.3192856388336035
ثنظام,0.04023932500001,-0.04952161372808031,-0.09943066257480121,-0.8234102439986375,1.3212290793233339,1.9635799403813543,0.8439740259036096
اخزا204,0.014374394915789011,-0.021269700498266896,-0.03954465865086681,-0.0498522167487684,1.2552333080716835,1.582913301247698,0.2864272264218993
وسالت,0.04324739232782978,-0.029280668756530827,-0.03851349862258949,-0.9452406417112299,1.2541808727773882,0.9409373163380291,0.8610341361962797
سباقر,0.03745934002189992,-0.046875,-0.09195732752629387,-0.565540395742553,1.2433138795271286,2.060509539545519,0.7393348427117998
امین شهر,0.013545108391522242,-0.004407843994235405,-0.05183053474330364,-0.12786657400972898,1.205010502652464,1.015087309719951,0.2591036836039115
حرهشا,0.04794446404507013,-0.061300064557779185,-0.0999373755343404,-0.9497718332022029,1.1864513996671722,1.2656333932379846,0.9030019570835774
دهدشت,0.04477802990026288,-0.05265614035087719,-0.11245210727969354,-0.5266129032258069,1.1861508480733647,1.7774244946883135,0.8431506440546538
قنقش,0.032814670185416596,-0.04144497142524031,-0.06967629956971741,-0.7154330903249723,1.1840452484770658,1.876850442492204,0.6167889908388721
ثعتما,0.039822378303703984,-0.04577214928577328,-0.09366867642836633,-0.8791905349737162,1.1786906852117376,1.4200772568595068,0.7451218787180769
کربن,0.028988065210824233,-0.03207209644356727,-0.03917288332818278,-0.3431325301204821,1.1653399356578116,3.839419493156113,0.5362559572650892
وبرق,0.05496916247422098,-0.041041483665093435,-0.08345811876594757,-0.8926504449561266,1.1452741180449324,1.531193817289107,0.9993758181202674
تکپاد,0.013503607319543686,-0.018891844585306995,-0.029437854311135197,-0.15869980879541104,1.1368022080433664,1.931141122609612,0.24368846884240994
پتروآبان,0.018737849407234983,-0.027963314227291914,-0.03479017338217335,-0.18958295392460406,1.1346870464939927,2.153171160337643,0.33751735710396696
لپیام,0.0449069451157071,-0.05157248677248673,-0.12191249999999997,-0.7335383038688188,1.1275225603023193,1.6929582656701287,0.8037833820055625
بتک,0.11640301838327562,-0.02063159111337016,-0.03871994028865082,-0.5576923076923075,1.121279115399852,3.8051426940458577,2.07194510812373
زدشت,0.034374711635668756,-0.048789565621326955,-0.06896661227010102,-0.8644506369426752,1.1043254373074212,2.0132591979259513,0.6026101049732734
دکپسول,0.04405932186271879,-0.04332293387582935,-0.05878398110232132,-0.5968049016892829,1.1026690054297936,1.6802332549346624,0.7712288125623262
کشرق,0.03317220102663461,-0.049979291746037435,-0.06567582188643362,-0.6479647964796482,1.087699984576181,1.9703468669114326,0.5727745085313495
تیام,0.014606264844373431,-0.021454396690504772,-0.030578553399931447,-0.18987341772151903,1.0726662637015905,1.6936345678379423,0.24871619407786158
فالوم,0.048735635715175266,-0.05207939753160522,-0.12066776315789475,-0.798779368575624,1.0583627104499769,1.4072154604599918,0.8188067904957252
وشهر,0.03319202826650117,-0.031178055512296354,-0.045849994526332025,-0.8117283950617284,1.0524061011592958,0.9819629786214766,0.5545202613262256
اخشان,0.03268526222317666,-0.031415907651843544,-0.03540116523936541,-0.2546777546777547,1.048528160277177,3.455538830095202,0.5440418925226531
تکنار,0.0351688344210622,-0.04982474766210257,-0.09561703796235693,-0.7691307787950721,1.0346355440252348,1.6762554448585556,0.5776245451473548
ممسنی,0.04502630328506024,-0.06249449678612309,-0.09974914322187853,-0.5325800376647833,1.0076119637772065,1.6331462279845979,0.7202112121301947
صنم,0.01578220821828037,-0.02570915765582956,-0.03715464118505554,-0.31774763839780507,1.0020807439559474,1.4108145743617584,0.25105608725700473
کازرو,0.04497569405774013,-0.07000819506633252,-0.09992532795156409,-0.6344871387742141,0.9932927679101445,1.5795255950491511,0.7091782666811953
واحصا,0.04114086028774999,-0.04999986697646374,-0.09551128873584062,-0.8541917554423343,0.9678959767574941,1.1984115699499518,0.63212406450513
لازما,0.03915620329554126,-0.05335949266745939,-0.09296159321897952,-0.7129670329670332,0.9607583942570511,1.416675303204562,0.5971934457846539
تبرک,0.028655776970400892,-0.04471332747896141,-0.05568758584162952,-0.8541993281075029,0.9599755404106582,1.6884030017959109,0.43668937607862923
زکشت,0.03470714784813619,-0.05004622496147919,-0.07061984566552265,-0.8215560314061388,0.9537665350534754,1.4107403341145879,0.5254861529363487
وهنر,0.024337160293910153,-0.03034771394953037,-0.042902715290252795,-0.8200039300451957,0.946014155348419,1.983576525758217,0.3654835274180983
سکارون,0.04100346534336076,-0.03357664457187813,-0.05309524274490701,-0.98776299008677,0.943796624813401,0.8887565073350476,0.6143265035775844
شگامرن,0.05650699379978466,-0.03483017843563067,-0.06002061038776743,-0.9813973517063193,0.9214875710482259,0.6010607184786898,0.8265934422232779
بایکا,0.16761755939794873,-0.030523559446246677,-0.09159275974911371,-0.9652987012987012,0.9203471427459314,2.072287426118745,2.4489022574698303
شکبیر,0.03511500682818823,-0.03554079477019767,-0.09974735875057417,-0.4258688957325118,0.9180309908741908,1.0880369664474678,0.5117411843982801
زشگزا,0.039142379525721555,-0.04712081738137652,-0.06288165545025866,-0.9782620846650644,0.9116844883851105,0.9955481425274301,0.5664897544676706
لوازم مادیران062,0.018575520119879656,-0.02535764086143677,-0.045067603140396505,-0.07408497694043768,0.9107948882970931,0.7913422371616687,0.26857268310876137
کهرام,0.03421905079315233,-0.03953345258073541,-0.06116703708082913,-0.8108215258385911,0.9075362664537051,1.4355629649996913,0.4929833116508125
پتروداریوش,0.015298157207564743,-0.027740831801622182,-0.03800703370242986,-0.18794688457609832,0.8989569012258379,1.3409150099880265,0.21831232795431094
بمیلا,0.03739028415602286,-0.04584757489172825,-0.08704293442953681,-0.9148608283708454,0.8927675984767722,1.2634888133432003,0.5299043149728261
دشیری,0.03491274427450306,-0.04563312318663059,-0.09324099339069812,-0.7331109574573175,0.891669804266252,1.3063041810839293,0.4941835872423469
کایتا,0.1126379575174194,-0.06770456573077932,-0.12375492866776687,-0.9177733920522609,0.8775507138979544,1.8504653803847355,1.569123985295926
شرانل,0.02619274449104587,-0.03497409326424872,-0.053541524367350005,-0.5654302979787454,0.8729399508355443,1.029957666352111,0.36296575029214495
کصدف,0.04823408473925699,-0.04446359070252873,-0.12438608756644,-0.8708910891089107,0.8725967506606909,0.8932010399485327,0.6681406632661037
هم وزن,0.019332648791016815,-0.027884660944362455,-0.04508699550606582,-0.31882447990304863,0.8176320082582421,1.2728867591329094,0.2509282260859124
تشتاد,0.039699663394014206,-0.05330487122060471,-0.09991914190540588,-0.8520249221183797,0.8152718427915704,1.1209834738181792,0.5137946031131798
سلار,0.05085122424041145,-0.04111576886268992,-0.10395767195767193,-0.9801450083658674,0.8145534692901988,0.8723406423076231,0.6575386431359614
سدبیر,0.03829277190821294,-0.054321446935551326,-0.0716732542819499,-0.8527338076103439,0.8132717865151193,1.2641873301466753,0.4943707662119032
زبینا,0.039791021121961014,-0.048726347320739063,-0.06722030529847069,-0.9775628356855542,0.8095928767127001,0.8855517527541893,0.5113897663605718
آینده,0.050090531555397146,-0.04761904761904767,-0.09105625696853552,-0.84095742992286,0.8088033968123574,1.5830780164639204,0.6431301611115084
فلات,0.0349230023121625,-0.04543181818181814,-0.09549308508053835,-0.7904583723105709,0.808190401563587,1.2605584432195325,0.4480490195984686
معیار,0.06818834635549507,-0.03403021684006213,-0.07594787905829006,-0.9646624203821657,0.7934053628074523,1.1305676350645792,0.8588267449904111
حسیر3,0.0348136540850837,-0.048068435553326384,-0.06412790065968178,-0.762995594713656,0.7913633138945699,1.0583246857164634,0.4373466391622234
حسیر,0.0348136540850837,-0.048068435553326384,-0.06412790065968178,-0.762995594713656,0.7913633138945699,1.0583246857164634,0.4373466391622234
شمواد,0.04943455885509967,-0.0499780549132299,-0.10158336939689287,-0.9842285323297981,0.774147806829724,0.8204536282624002,0.6075119444096965
فماک,0.04343686575289068,-0.05038973114661186,-0.09126702617265585,-0.7678452301534355,0.7738197656932164,0.9021638538350373,0.5335788045644542
کمینا,0.0642256865434343,-0.038223542999905824,-0.06214723006351447,-0.9046563192904654,0.7737604731413553,1.1853805818592489,0.7888883927955244
گکیش,0.035393742511891764,-0.038894461185850465,-0.09098181818181822,-0.9287284778059842,0.7563665287224652,0.9344961627410113,0.424970769592349
خکاوه,0.03340849906204564,-0.04303202969587245,-0.07392626059794735,-0.7857475547275264,0.7553242761335449,1.2217848724655023,0.4005813060128293
زماهان,0.038382407890732675,-0.049887786235456,-0.07071135586529004,-0.8927571028411365,0.7551856517066632,0.992379368969227,0.46013600409993505
واحیا,0.03891326417129424,-0.0367900940588165,-0.06829950937179685,-0.9789077123376032,0.7528592311769957,0.7566288505506507,0.4650629184273524
فلزفارابی,0.015991659622196158,-0.021200713619326673,-0.03853761383124501,-0.26860655737705025,0.7402409669376815,1.3020476887542498,0.1879173693880552
ثجوان,0.03324356841516161,-0.0390868811404354,-0.052413855682793976,-0.8049280039721943,0.7362395640339815,1.0350631752675252,0.3885322361974731
اتکاسا3,0.2531720116718644,-0.03306238855894912,-0.044741066470142365,-0.725678733031674,0.7359857873006559,5.131517282656595,2.957912962284036
اتکاسا,0.2531720116718644,-0.03306238855894912,-0.044741066470142365,-0.725678733031674,0.7359857873006559,5.131517282656595,2.957912962284036
هوشیار,0.012291649752235461,-0.021297651092917546,-0.028290241868223546,-0.19426086956521751,0.7353757317486281,1.1798161839581947,0.14348937389246097
خکرمان,0.033317794653121895,-0.038224414303329235,-0.05499159663865549,-0.8044289624284648,0.7231272126136907,1.4412589102570375,0.38246458117283183
لخانه,0.04297014521798179,-0.05658692529334311,-0.10125431305497942,-0.8624305983960519,0.7210190489425387,1.0046848297353288,0.49182865772522966
سفاسی,0.047489372705915356,-0.05046739335685696,-0.09951383499916686,-0.9426353915143152,0.7203982743362622,0.824352685487093,0.5430869500660896
ولراز,0.050653324021597716,-0.04994457912252025,-0.09988703465072812,-0.9756617647058823,0.715720125540571,0.7263696356514493,0.5755081127992695
رویین,0.015767961116419475,-0.02627800919500677,-0.03287632856433598,-0.19258635214827421,0.7070255569546323,1.235411941219149,0.1769745934312186
مارون3,0.023530137647003842,-0.0326042293247468,-0.05433019224628573,-0.5864928909952606,0.6999362382438845,0.779622731694185,0.2614467317345343
مارون,0.023530137647003842,-0.0326042293247468,-0.05433019224628573,-0.5864928909952606,0.6999362382438845,0.779622731694185,0.2614467317345343
ودانا,0.37868384146669776,-0.029864711131844357,-0.04347189054466956,-0.6336206896551724,0.6894961533355076,6.719710701658972,4.144850704238973
خعمرا,0.04182045761470884,-0.029200094590807156,-0.05503874624103636,-0.894493432817414,0.6881774241531082,0.5419808034480768,0.4568666663677456
زقیام,0.041418357744355205,-0.04818939704721718,-0.0659146168635401,-0.9792484576556366,0.6863389678027042,0.7302310344197781,0.4512651574263156
میهن,0.03538463137204818,-0.049221369651105004,-0.06280543430359917,-0.8557950504390741,0.6815835190511483,0.9190151314690148,0.3828547383653089
میهن3,0.03538502187659795,-0.049221369651105004,-0.06280543430359917,-0.8557950504390741,0.6815819761847118,0.9190895723684733,0.3828580968889439
سخواف,0.03821826377136944,-0.04317325800376647,-0.0814228610347173,-0.9449833827360101,0.6637948277525237,0.7673361763432544,0.4027217523668796
بزاگرس,0.03346491379653582,-0.04603260751814538,-0.06092296348933694,-0.9185218013841066,0.6609054278734658,0.9092506219797672,0.3510987632571734
خفناور,0.032384368182172565,-0.04499122931778318,-0.07796325449484935,-0.668859649122807,0.6533687570125439,0.958724486144175,0.3358876703521198
ولتجار,0.033123865113887666,-0.041694139194139154,-0.07748339056992058,-0.8000542103361044,0.6509737762306245,0.7996901454741566,0.34229832319740094
رنیک,0.032886284585883004,-0.04586499438173112,-0.056682473006818064,-0.8302272727272736,0.6474114993189812,0.8823583085264615,0.33798349312461606
زنگان,0.037208861932577345,-0.04948500108919901,-0.06343402025532807,-0.9424243053536572,0.6403416207768992,0.785459351568311,0.3782321036811643
شلرد,0.028209059147278413,-0.035629172239504216,-0.06857438934122871,-0.7509460979850675,0.6313023144337594,1.087358102992891,0.28270028956781207
حآسا,0.03596596199377484,-0.049663468036221105,-0.06411636997077512,-0.925471534867624,0.6293555673294366,0.8897286179381906,0.3593254927098165
بساما,0.04219124264373507,-0.04740002023367821,-0.0647541989881956,-0.8392832903488531,0.6288724307281675,0.7777539368288621,0.4211968776678094
وملت,0.02774964391380654,-0.02968072070197727,-0.049626701760223935,-0.7960752811567595,0.6255628970217131,0.9978006203844652,0.2755679257338768
حبندر,0.04119417768077135,-0.04681422351233669,-0.09660393198510915,-0.7911111111111107,0.624337250622505,0.7920621527713361,0.4082774144897983
دانیک,0.02682730117033755,-0.03350776879238518,-0.07504753688714043,-0.28458942632171,0.6228099695037252,0.923632270896292,0.2652362084310069
سمایه,0.029572921721012398,-0.03432973544551299,-0.06278491080937168,-0.8323068683893425,0.6082703218881177,0.8338668937442537,0.28555589584166824
قشیر,0.03813958169217618,-0.04753453668237082,-0.06405016515366951,-0.9262832577213387,0.6025937332274982,0.7011353593876773,0.36483862198967854
شلیا,0.10990950932923331,-0.04219208767694035,-0.05584231495072337,-0.9252538930264048,0.5975918757045383,1.5342075694208352,1.04265402483294
وحکمت,0.05699453821167977,-0.03789735071832252,-0.07068568453930245,-0.8461335792385717,0.589314605782138,1.3425111347578056,0.5331884272170377
ثتران,0.03227931728848012,-0.045695004382120916,-0.057104928861788584,-0.8581608206892317,0.5831983655489503,0.8752678235804177,0.2988415011675132
کگهر,0.028853651218689512,-0.03267574549710983,-0.051589067564752115,-0.8190026392554522,0.579567103682006,0.5576196027129233,0.26546347492916483
فبیرا,0.04771030814439563,-0.05472063492063488,-0.10110127736179612,-0.9292941176470588,0.5793554680676969,0.657569469250911,0.43879088984073233
کباده,0.45816498309543824,-0.02981208471760797,-0.05832558322824714,-0.7844285714285715,0.5782604938125062,3.74934477232487,4.205771626042198
زگلدشت,0.03868639381120103,-0.04743587374946976,-0.06537721183674411,-0.937830229862564,0.5751734890744596,0.6045694167937264,0.35322983556002924
شپاس,0.031222444039505845,-0.04365790377696219,-0.05795242848038946,-0.8236878622153294,0.5732331598095948,0.6848435524544761,0.284117818448623
داوه,0.03426144882371168,-0.049739018299600785,-0.06607682520776373,-0.8857812607726427,0.5718880474320734,0.8600368770020307,0.3110405522612393
اوان,0.035013292196532264,-0.049867125487588815,-0.06845294564616279,-0.9296871878870201,0.5625542288323557,0.687999543316359,0.3126782065046831
نیرو,0.039016780179165995,-0.049980636333525966,-0.08722091503267972,-0.8804037744129913,0.5590934829236897,0.7037804665448308,0.34628695150888456
وثنو,0.03957628114547093,-0.04825323729754086,-0.09734261901200578,-0.9453411306042885,0.5534980366708977,0.6843921920448018,0.3477373479843253
مروارید,0.01875560085252194,-0.02993652304490329,-0.0427864205568608,-0.43074907705132787,0.5507936798259662,0.9053286011118241,0.16399107030340476
سجام,0.03642409980893113,-0.04827525980263733,-0.08393714132295199,-0.8975084937712345,0.5471392498605652,0.7237167463652114,0.3163639347524349
خصدرا,0.041282422013627654,-0.04068616968676252,-0.08522926784059313,-0.9845662586482171,0.5455951187220114,0.6495565536576919,0.35754928647657563
غشوکو,0.04487069300987997,-0.05681026448147257,-0.09966993101653,-0.9575791581615379,0.5431099034024724,0.605567845559433,0.38685727606366277
حآسا3,0.03559791026315641,-0.04448317067560422,-0.059356623566723624,-0.9788796861377507,0.5390567586096034,0.5834110510419819,0.30462060045411987
زشریف,0.037301609513015505,-0.04761904761904767,-0.060792699469724966,-0.941006233303651,0.5347891218240971,0.5834341811048189,0.3166725407062893
قیستو,0.5884967226808361,-0.03688882699347445,-0.05788166894664842,-0.771018276762402,0.5345168978935583,8.648487226310495,4.993508095458592
شاوان,0.035159270629704274,-0.044080326054397434,-0.05704777990936139,-0.9275958290497872,0.5310978507676802,0.5742923892776998,0.29642489280529755
قچار,0.04097608033060309,-0.049068136568099704,-0.06908717135293171,-0.9844651162790697,0.5266632605595274,0.5149338521132673,0.34258134210414576
وآرین,0.033508561621083975,-0.04271670937890673,-0.08730618148599271,-0.8975,0.5214360053913799,0.7304949708178454,0.2773684581357313
آرمان,0.03251807280083287,-0.038350845391755484,-0.08112998112998117,-0.7538623595505616,0.5177759628039095,0.6563488684371358,0.2672803025997814
تاپکیش,0.043141666006552525,-0.050081967213114774,-0.06814490723719148,-0.9654022988505746,0.5133217493617611,0.5848721552798725,0.351549794432511
اوان3,0.02844364504846913,-0.03455821005752302,-0.05961064627466936,-0.8546421449146905,0.5049471266419695,0.4916242792642604,0.22799820402323268
قجام,0.044428619224839754,-0.05017784923889231,-0.09983321804527802,-0.8963414634146343,0.48824399405573743,0.5425614141144327,0.3443499278333662
هجرت,0.03390526694262184,-0.040196325195066704,-0.057592563149249335,-0.8673983739837399,0.48680761410017653,0.5246537856039605,0.2620141830954209
دی,0.04579353468558898,-0.04865896132625244,-0.05658745007453868,-0.9928793725880742,0.48434601531182997,0.48635174192752634,0.3520952518434337
دقاضی,0.03798547684170052,-0.03639118175242373,-0.07872258064516127,-0.8908684838333079,0.4799140360154818,0.4579626487559544,0.2893885241001697
کیسون,0.03652581275452817,-0.03816254416961129,-0.0663716814159292,-0.9644718143060161,0.4786817328528032,0.5645028972357555,0.27755369499134463
شستان,0.036640005457716986,-0.04328161016524836,-0.09034349565457307,-0.8071197411003238,0.47125654308199433,0.6927053094899387,0.2741026240858502
سنوین,0.03381764358838659,-0.03308743169398908,-0.05562624324827716,-0.676340498176457,0.47039197624282997,0.545109562356437,0.2525244990265816
خودرو,0.035738509567525535,-0.043710424710424745,-0.05540355225113584,-0.907921568627451,0.4695974650379272,0.5369949196771551,0.266417317429736
ثغرب,0.033503225669033444,-0.05098106540197569,-0.06688150444437414,-0.860724233983287,0.4680462969974133,0.647658045016655,0.24892912162371883
غگلستا,0.03899444506394645,-0.049911244651781705,-0.06840482279868468,-0.9461775259308639,0.4597949188294866,0.5245993144572392,0.2846211586009104
آسان,0.00459733082191929,-0.007059158134547961,-0.01971457432833649,-0.022128709279547704,0.4542204606809355,0.30634625190309833,0.03314917469162025
وملل,0.03313423300154035,-0.04456509524446058,-0.06387941803582706,-0.9093980343980345,0.45290012299213644,0.5979600328493856,0.23822077374898742
شفارا,0.041107757215894915,-0.041411892429403525,-0.07126207353676837,-0.9213667881907213,0.4525779750308176,0.5125270105494344,0.29533673422857404
وکادو,0.03728482347355754,-0.046819874611868435,-0.07873779726714619,-0.9026509572901324,0.45050841612761106,0.5226606142638249,0.2666461210219604
ورازی,0.043682368395463786,-0.04732260564159849,-0.09482303020090536,-0.9425316779726097,0.4434974191353965,0.5486182765433029,0.30753712100296016
لکما,0.03792955112905441,-0.04120443740095092,-0.07450000000000001,-0.9608552214186018,0.4422212742847259,0.5780316670782404,0.2662671594469455
کقزوی,0.045506369558277845,-0.049601417183348095,-0.10829344522511657,-0.9767080745341615,0.44162485286067904,0.4737048766342219,0.31902591691321497
نطرین,0.041600555394201474,-0.05099967139773869,-0.06942604709617488,-0.9701070791195717,0.43938728280297673,0.46483332839519015,0.29016623999959906
نطرین3,0.041600555394201474,-0.05099967139773869,-0.06942604709617488,-0.9701070791195717,0.43938728280297673,0.46483332839519015,0.29016623999959906
ریشمک,0.03915389953583965,-0.04700708015892313,-0.06600589209381136,-0.910769051026667,0.4373548360857604,0.5094911108763784,0.2718374112351681
بپاس,0.029609953114078852,-0.03134712986936566,-0.05047805004259634,-0.9507619047619049,0.4331805789767612,0.37706860806085263,0.20361368672528593
بپاس3,0.029609953114078852,-0.03134712986936566,-0.05047805004259634,-0.9507619047619049,0.4331805789767612,0.37706860806085263,0.20361368672528593
وتعاون,0.04292360911134691,-0.04791000822831407,-0.09998615291992774,-0.9209459459459459,0.4261379313486317,0.4792329833394691,0.29036662383260725
وتعاون3,0.04292360911134691,-0.04791000822831407,-0.09998615291992774,-0.9209459459459459,0.4261379313486317,0.4792329833394691,0.29036662383260725
نوین,0.03504284305811356,-0.048979036412561516,-0.06745882953216664,-0.9178919973975276,0.42271285055224633,0.5302461917983242,0.23515003877396512
توریل3,0.03175434516036317,-0.044974835230677065,-0.05679267548699387,-0.8872257706192725,0.41652523549562115,0.5478617439025388,0.20996395757449843
توریل,0.03175434516036317,-0.044974835230677065,-0.05679267548699387,-0.8872257706192725,0.41652523549562115,0.5478617439025388,0.20996395757449843
شپلی,0.051542697731605414,-0.03868907033762961,-0.08975506153235412,-0.9492287917737791,0.41507216914339784,0.45407235803725554,0.33961825851983174
شپلی2,0.0515187842622676,-0.038677823514857046,-0.08973243350535927,-0.9492287917737791,0.41488613873574887,0.4536582736899282,0.3393085488393581
خبازرس,0.029028835496424637,-0.029995617726643543,-0.04789196079401142,-0.7449636225146427,0.41328489014523445,0.3850031044850546,0.19044931382571056
سامان,0.04503293451516076,-0.038392838369709824,-0.08333333333333337,-0.9349029326724496,0.4117257820962503,0.5358632646141733,0.29433274565291445
بهپاک,0.037573344144029484,-0.047574085309365466,-0.06594075397534395,-0.9614365766683649,0.40589239961958484,0.45419861900287234,0.2420979098103798
ولشرق3,0.034395853919053636,-0.047131716372012945,-0.0730444280200378,-0.8605369446424329,0.40467335029521445,0.5742365732004168,0.22095863133699994
ولشرق,0.034395853919053636,-0.047131716372012945,-0.0730444280200378,-0.8605369446424329,0.40467335029521445,0.5742365732004168,0.22095863133699994
آریان,0.035384205468724,-0.03250101626016257,-0.06725865247910513,-0.927604815276048,0.394186495369346,0.4526265274523981,0.2214172538613911
غشهداب,0.03655192724109317,-0.04710476567888487,-0.07129527992035505,-0.9712300662128136,0.3828560626111695,0.4505166175039418,0.2221498782617049
غناب,0.04453336761299368,-0.02952780009949105,-0.039958105600542825,-0.9993565233609997,0.38195515840162486,0.288803880674674,0.27002140193790436
زنجان,0.03412023952566808,-0.045828684869039106,-0.08842443179704648,-0.8896337475474166,0.38073119398920746,0.5881680323240532,0.20622000946879818
غپونه,0.036228506563027875,-0.04539096537491396,-0.07959743433378458,-0.9024278375733856,0.3775733976057092,0.49924635665596934,0.21714612811531459
مادیرا,0.04023070222138043,-0.04922209613878895,-0.061774831561474716,-0.9679092813674305,0.3773382800942062,0.42857175256097796,0.24098429985763106
فنفت,0.03746698366879233,-0.03265654480581343,-0.058212283109767095,-0.9061999999999998,0.3606063174348328,0.3758256451518894,0.2144777930892629
غگلپا,0.03629309847712725,-0.04837220902464727,-0.06370203059379029,-0.9191071428571431,0.35882853830710665,0.39962594797827655,0.20673370764450952
زفکا,0.04333354340875118,-0.04693595997326358,-0.06368836230577063,-0.9777384297573681,0.355336066631398,0.3368282134412645,0.24443520967152924
گکوثر,0.03847570842642794,-0.0471098395320084,-0.0632366628749157,-0.9949771127731514,0.3473646725026751,0.36800207758594056,0.21216441456170845
بمپنا,0.03573464367884792,-0.04339030434767196,-0.054782270171532955,-0.9746360552154948,0.33520391248059156,0.38646357416488425,0.19015108393995378
دتوزیع,0.03432876131550436,-0.04702635572946162,-0.06529037083727283,-0.8545871559633028,0.33225040147626195,0.3814046656818442,0.18106058442663173
فزرین,0.03709202106280968,-0.049296016484512,-0.06681822691836868,-0.9291608146067415,0.3316736085080658,0.3981346613613119,0.19529525155861294
تسه1401,0.02797027979251674,-0.049906287425289665,-0.05941779531626237,-0.4628768727865188,0.33029415366630843,0.49714755223575263,0.14665536924662698
فن آوا,0.036270295303000834,-0.04690346423887042,-0.09164476201362204,-0.8772856414365852,0.31887185900529647,0.3869724370844414,0.18359783496884266
کرمان,0.04277031089793078,-0.04399933551071067,-0.06536468007951392,-0.9953378464682591,0.3076358455763551,0.3248549943392491,0.2088717067065821
قشرین,0.04345360119940295,-0.04532194759732677,-0.06265686653771763,-0.9681436400782626,0.29520932549500156,0.2914176308781467,0.20363673122406983
دحاوی,0.045038736579719026,-0.046511627906976716,-0.09619026384243774,-0.9727209302325582,0.2926904071108707,0.2880106611499004,0.2092642100511188
پیروز,0.015640701604391096,-0.028572066332462166,-0.039010971646846235,-0.2565607171964133,0.291252166626647,0.4393127364427145,0.07231454628904081
اتوداریوش,0.01767251954128413,-0.032069813531435384,-0.041148654050308896,-0.07824884792626687,0.27765732182022096,0.3152348471914677,0.07789469322205866
فسا,0.03258481154509516,-0.04751672569854393,-0.08777047624696045,-0.8280346820809247,0.26586918529577297,0.3833477854756769,0.13752558111406282
غمارگ,0.040282511363095685,-0.04627396175861647,-0.057287470596938485,-0.9866824504291211,0.24963583958054536,0.25495238404403514,0.15963339301935536
جهرم,0.03200637293226764,-0.040336387844611535,-0.09168402707821255,-0.8522404371584699,0.2473883739286763,0.3463697980705171,0.12569442559552715
ناما,0.02468906457761861,-0.03753387612453267,-0.06142077338616914,-0.406758448060075,0.242408212446529,0.3878028201021889,0.09500626284139681
ومعلم,0.03544213188649696,-0.04675587447744666,-0.058750015833006076,-0.9426951841089887,0.24111968201824888,0.2759848398370425,0.13566029900877521
فنر,0.025179599415471855,-0.03600464576074336,-0.04709262154032077,-0.4066914498141263,0.23851642832293474,0.46015385284677024,0.09533829576147466
سمگا061,0.030406107334861442,-0.050000000000000044,-0.050000000000000044,-0.0500000000000006,0.23433372502079955,0.4630258144409245,0.11310866873437161
بجهرم,0.02811643989196593,-0.04516510856949786,-0.054837116432600745,-0.8492146596858638,0.23385631854333025,0.4312598699637305,0.1043781772079853
گنگین,0.034318811869063964,-0.032774700251485156,-0.04868583053646913,-0.8179039301310045,0.232538006080244,0.19160543523923113,0.12668536838191646
غنیلی,0.042970233400288146,-0.04966558051792147,-0.07257235168435679,-0.8168293816829383,0.22027144736074758,0.21720062086086633,0.15025405053262034
داراب,0.03687920365818031,-0.036953621177349634,-0.07594832132572792,-0.8185463659147871,0.17829767483401565,0.22872043299498918,0.10438244964610437
هامون,0.01586935260487351,-0.025475347483356746,-0.04226110850342242,-0.21900537006770907,0.13975176188787236,0.21759195370461887,0.03520600709734156
آکام,0.005055860903492753,-0.00970397961184079,-0.02167420502325591,-0.027974745021858233,0.133337709303375,0.3139229321381304,0.010701591703489409
وپویا,0.03653918677045878,-0.04160719225253479,-0.060880422119835055,-0.8965278578844159,0.10961268988880207,0.15654986479513106,0.06357992088047185
کرمان531,0.012596604030278825,-0.017728035166869154,-0.04826190476190481,-0.05628571428571443,0.09915749653180475,0.06424782538188648,0.019828017863695844
غویتا,0.04996192348274614,-0.05097803091633953,-0.07898148813763689,-0.9769204223893987,0.09859067974348311,0.10119819836621977,0.07819433331770703
وامین,0.015504788884937325,-0.024195857558139532,-0.0422277135614113,-0.4812903225806461,0.08433349734910578,0.09422814854401843,0.020757079022520483
داروک071,0.00879301295720232,-0.013910828025477717,-0.032939249306922734,-0.04452000000000067,0.06915592594677884,0.041436048264450104,0.009653112866549844
اکتوور075,0.006262827593445641,0.0,-0.015686274509803956,-0.01960784313725492,0.04733368746076131,0.0,0.004705882352940893
تخت گاز,0.021069257809470346,-0.030357081510717088,-0.051378923344317894,-0.3135973104221145,0.04613601315141998,0.0758043964258604,0.015430840062547115
طبیعت061,0.0045994256593668535,-0.007996940910233874,-0.014021532218361235,-0.018281517355934147,0.03658565834978385,0.025158244764147093,0.0026712513126817125
عالیفرد071,0.004353292724817118,0.0,-0.02202028481439822,-0.025739999999999985,0.03448948573799473,0.014103982112392398,0.002383443493784096
نقشینه061,0.0018217632772076946,0.0,-0.0048446736009696,-0.006546856217526595,0.013923960431565664,0.0,0.00040267530308701893
خنور,0.04676467224351828,-0.03063353328172855,-0.06655081568547977,-0.6588380716934488,-0.0399307612634337,-0.03499879470983376,-0.02964324580114278
بتهران,0.02667236220291874,-0.03146973661188812,-0.04233378561736774,-0.6566839096106727,-0.07086054776018078,-0.11213134738786706,-0.030003108716156336
پناه,0.017602191494860326,-0.02791724224292773,-0.03071907402941881,-0.05849223044038811,-0.08538663632986701,-0.15434109788203196,-0.02385925711716759
وفتخار,0.037845273813604516,-0.029911382758129212,-0.047863666014350936,-0.8354121126398354,-0.12412184965371852,-0.10452807366806596,-0.07456931624811233
چتر,0.00660941737416672,-0.01167670606185227,-0.01231980045213532,-0.04094365373367132,-0.1600753586678939,-0.24555652186012164,-0.016795306421242162
بگیلان,0.022364781166984364,-0.03717975762232388,-0.05120429082858041,-0.7222150576461789,-0.17393864384878577,-0.2901872454133917,-0.06175341838647077
تماوند,0.03353512341802197,-0.0372209450830141,-0.05356901347696967,-0.8182075738974414,-0.19813871454092516,-0.181128408066045,-0.10547985412146292
جوین,0.038395414513843346,-0.029613859343480625,-0.043259473886698124,-0.9321349222379318,-0.2291985983528233,-0.19264543841931117,-0.13969845027525174
ویسا,0.03731491667096575,-0.03091314366196704,-0.04255145207042802,-0.7690617799924993,-0.23764165395724018,-0.20454048343700026,-0.1407684448916194
فارما کیان,0.016942627172005367,-0.02637320938546363,-0.03266908669608182,-0.2782196513216037,-0.2714445367950651,-0.49520335290833534,-0.0730066010942389
وآفر,0.03593128700925558,-0.03214092748951444,-0.044758645867136404,-0.6503086419753082,-0.2762448633053331,-0.2638899638169699,-0.15756772147229056
شفام,0.06415791979720968,-0.0353606356968215,-0.09606808616654944,-0.7765337423312884,-0.2943760665639655,-0.22632802459322757,-0.2998147828835946
شساخت,0.027812486516002963,-0.02998244815566007,-0.04862436045524035,-0.8967830724238777,-0.33906571414329223,-0.31614780648055046,-0.14970074611883974
آردینه,0.05916179080377367,-0.03886847521802774,-0.07029818086213124,-0.8718469814704124,-0.4375304350596877,-0.3347457400706913,-0.41091297067997273
وامیر,0.045145820297713656,-0.031040723981900442,-0.04305296405407649,-0.9940144826902093,-0.6335878836335667,-0.5341487796485891,-0.4540719582916684
عالیس,0.04385762086297281,-0.038228052300899956,-0.05783435158226339,-0.8620905923344949,-0.699067878000457,-0.5671430900508981,-0.48670374292154944
عالیس3,0.04385762086297281,-0.038228052300899956,-0.05783435158226339,-0.8620905923344949,-0.699067878000457,-0.5671430900508981,-0.48670374292154944
بمولد,0.021368804604467096,-0.032752557544757054,-0.053359796437659035,-0.5293035479632063,-0.8728643061459066,-1.2170994035834537,-0.2960923812083831
پرسپولیس,0.017229997582948128,-0.021195666311161987,-0.033775229891280394,-0.5657546337157993,-1.4295515297661252,-2.8869781304186812,-0.3910076924394238
استقلال,0.01729156068378197,-0.022867502458210457,-0.03646550802139034,-0.6760563380281694,-2.4417707639096635,-4.118711867420308,-0.6702539051441139
اهداف061,0.02660319836736037,-0.04597328819044674,-0.08726010050305977,-0.051304347826087095,-3.162727375220483,-2.6894700807342335,-1.335659879485299
فجهان061,0.014976453400045728,-0.049578947368421056,-0.04991578947368425,-0.09710000000000008,-5.026197239034436,-252.82913484912882,-1.1949473684210532
وآتوسح,0.0,0.0,0.0,0.0,,0.0,0.0
