symbol,final_value,total_return,num_trades,status
ثتران,488063.9861560111,47.80639861560111,1943.0,
اوان3,65132.88488878531,5.513288488878531,1898.0,
کیسون,778613.2195671297,76.86132195671297,1786.0,
زنجان,132358.22644345948,12.235822644345948,1741.0,
غمارگ,46745.71954220394,3.6745719542203936,1688.0,
بهپاک,74817.29946661904,6.481729946661903,1936.0,
میهن,962057.5923664981,95.20575923664981,1715.0,
میهن3,962057.5923664981,95.20575923664981,1715.0,
مارون,10000.0,0.0,0.0,
مارون3,10000.0,0.0,0.0,
نیرو,50557.6169831777,4.05576169831777,1817.0,
آینده,99542.41039528127,8.954241039528128,1226.0,
حآسا3,1158517.8507322182,114.85178507322182,2013.0,
تکنار,15278.688332116211,0.527868833211621,1589.0,
قشیر,146071.39563567724,13.607139563567724,1898.0,
بپاس,116887.31236993817,10.688731236993817,1968.0,
بپاس3,116887.31236993817,10.688731236993817,1968.0,
کشرق,83366.78385294272,7.336678385294272,1742.0,
کرمان,269039.9875084831,25.903998750848313,1852.0,
توریل,53502.418888701985,4.350241888870198,1987.0,
توریل3,53502.418888701985,4.350241888870198,1987.0,
سکارون,398435.3451068904,38.84353451068904,908.0,
شمواد,296890.68481624563,28.689068481624563,1274.0,
شپلی,504810.3132089933,49.481031320899326,1388.0,
شپلی2,504810.3132089933,49.481031320899326,1389.0,
دی,1696469.4726653772,168.64694726653772,1026.0,
زنگان,83237.44482104125,7.323744482104125,1931.0,
بمپنا,27972.315461012146,1.7972315461012145,768.0,
واحصا,55636.79014100907,4.563679014100907,1729.0,
واحیا,165607.8077258439,15.560780772584387,1828.0,
وملت,199068.50020559027,18.906850020559027,1765.0,
خکاوه,1501385.2165161248,149.13852165161248,1820.0,
فزرین,44047.202195254955,3.4047202195254958,1931.0,
لکما,728576.8737177611,71.85768737177611,1866.0,
کابگن,775793.4707021932,76.57934707021933,1154.0,
لازما,188315.08637702747,17.831508637702747,1679.0,
لپیام,67183.56495917683,5.718356495917683,1564.0,
ولتجار,113591.52075148729,10.359152075148728,1971.0,
سمایه,165217.21056286068,15.521721056286069,1369.0,
خصدرا,67286.19293833872,5.728619293833872,1784.0,
شفارا,41591.60212184049,3.159160212184049,1705.0,
کهرام,97834.63392336668,8.783463392336667,1708.0,
ثغرب,766856.0752648119,75.68560752648119,1929.0,
شلیا,285338.0022797977,27.533800227979768,906.0,
قشرین,23663.812332077938,1.3663812332077936,1586.0,
لخانه,82281.3506902642,7.22813506902642,1479.0,
وشهر,388292.5306819977,37.82925306819977,1254.0,
شپاس,66682.96868796636,5.668296868796636,1978.0,
شرانل,17013.736422327474,0.7013736422327475,2012.0,
خودرو,11372.539231788563,0.13725392317885632,1996.0,
ممسنی,103682.63809779737,9.368263809779737,1296.0,
سجام,590875.0468448984,58.087504684489836,1999.0,
سنوین,17515.76076014293,0.7515760760142931,1192.0,
بمیلا,919375.078149406,90.9375078149406,1879.0,
سخواف,82937.44013378985,7.293744013378985,1809.0,
نوین,53762.44425373216,4.376244425373216,1846.0,
وسالت,156729.9360733197,14.67299360733197,799.0,
آریان,113145.73498132023,10.314573498132024,1580.0,
وثنو,491460.50771671237,48.146050771671234,1659.0,
سباقر,143858.12605303468,13.385812605303467,1707.0,
شکبیر,14502.733508908274,0.45027335089082743,1492.0,
وشمال,1150162.4548195999,114.01624548195998,1392.0,
آرمان,86558.05068073749,7.655805068073748,1121.0,
سامان,109688.71653724882,9.968871653724882,1428.0,
غشوکو,62869.81088749502,5.286981088749502,1698.0,
ثعتما,495499.12465685117,48.54991246568512,1514.0,
سدبیر,49317.19035486902,3.9317190354869016,1907.0,
قجام,62748.513852972086,5.274851385297208,1733.0,
کازرو,103621.93325581461,9.362193325581462,1253.0,
شلرد,308201.550258121,29.8201550258121,1917.0,
فلات,140143.50911718,13.014350911718,1735.0,
وکادو,248097.0986168196,23.80970986168196,1919.0,
فالوم,671422.9419454266,66.14229419454266,1606.0,
فن آوا,56496.22222940603,4.649622222940603,1703.0,
خفناور,46968.72673486371,3.6968726734863715,1707.0,
فبیرا,1212683.8487575846,120.26838487575846,1566.0,
کقزوی,301921.45485216915,29.192145485216916,1669.0,
وآرین,174440.25210179284,16.444025210179284,1778.0,
وملل,107829.00568518715,9.782900568518714,1310.0,
دهدشت,31154.260622412618,2.1154260622412617,929.0,
ورازی,250334.91513119274,24.033491513119273,1674.0,
سفاسی,367092.37770102674,35.709237770102675,1657.0,
حبندر,274885.52147165383,26.488552147165382,1503.0,
دحاوی,168946.16826350352,15.894616826350351,1432.0,
غشهداب,864857.6632843394,85.48576632843394,1941.0,
قچار,73424.74920162048,6.342474920162048,1866.0,
حرهشا,55015.91468338123,4.501591468338122,1320.0,
شاوان,10830.150480165918,0.08301504801659165,1923.0,
گکیش,38083.72750033576,2.8083727500335756,1669.0,
وتعاون,24714.500935559383,1.4714500935559385,1506.0,
وتعاون3,24714.500935559383,1.4714500935559385,1506.0,
دشیری,10000.0,0.0,0.0,
بساما,92804.03775010827,8.280403775010827,1950.0,
ولراز,39301.01736870921,2.930101736870921,1366.0,
ثنظام,73595.95559045464,6.359595559045465,1395.0,
قنقش,131245.4060942142,12.124540609421421,1372.0,
بایکا,10000.0,0.0,0.0,
قیستو,14453.220505713609,0.4453220505713609,873.0,
فسا,95214.44432074373,8.521444432074373,1693.0,
کباده,30514.40076592596,2.0514400765925958,723.0,
تشتاد,24654.352126925623,1.4654352126925625,1609.0,
معیار,190681.9823296476,18.06819823296476,1221.0,
سلار,72994.08226732026,6.299408226732027,1305.0,
جهرم,118830.64449463511,10.883064449463511,1682.0,
ودانا,27792.94208072202,1.7792942080722018,340.0,
کصدف,48852.7706717773,3.8852770671777304,1324.0,
بتک,10000.0,0.0,0.0,
فسدید,82046.97194108949,7.204697194108949,1247.0,
داراب,149344.77040070065,13.934477040070066,1440.0,
کایتا,27918.78432051195,1.791878432051195,1129.0,
پشاهن,66409.45571438738,5.640945571438738,563.0,
شستان,118800.10510749102,10.880010510749102,1294.0,
زگلدشت,97922.71112280984,8.792271112280984,1928.0,
غگلستا,367350.39722551417,35.73503972255142,1843.0,
رویش,10000.0,0.0,0.0,
شگامرن,10000.0,0.0,0.0,
آتی1,,,,insufficient_data
حسیر,96570.95189829066,8.657095189829066,1679.0,
حسیر3,96570.95189829066,8.657095189829066,1679.0,
غگز,38293.98628290068,2.8293986282900683,410.0,
غگلپا,26736.975772764046,1.6736975772764047,1522.0,
وبرق,42616.54538772527,3.261654538772527,1336.0,
دقاضی,10000.0,0.0,0.0,
اوان,69533.6070975901,5.95336070975901,1612.0,
گکوثر,56581.26923977237,4.658126923977237,1451.0,
ریشمک,11051.509514237348,0.10515095142373476,281.0,
ولشرق,187325.22876486287,17.732522876486286,1717.0,
ولشرق3,187325.22876486287,17.732522876486286,1717.0,
حآسا,194387.71215353237,18.43877121535324,1679.0,
خعمرا,47068.93316090153,3.706893316090153,612.0,
زشگزا,118034.50408670714,10.803450408670713,1595.0,
وحکمت,271115.34713184135,26.111534713184135,1301.0,
تبرک,362624.24777099525,35.262424777099525,1560.0,
فماک,53288.98992916997,4.328898992916997,535.0,
غویتا,28049.782548973213,1.8049782548973212,1488.0,
کمینا,23305.659001580974,1.3305659001580974,506.0,
زبینا,1087400.702187519,107.74007021875191,1479.0,
زقیام,134096.37926149025,12.409637926149024,1458.0,
غپونه,17781.746226305513,0.7781746226305513,1449.0,
اوصتا,10000.0,0.0,0.0,
خکرمان,104627.9759262289,9.46279759262289,1181.0,
نطرین,28636.441053380517,1.8636441053380515,1458.0,
نطرین3,28636.441053380517,1.8636441053380515,1458.0,
تاپکیش,29388.98097768086,1.938898097768086,1397.0,
داوه,232435.92352504408,22.243592352504407,1362.0,
کگهر,21629.343629343628,1.162934362934363,1218.0,
مادیرا,43793.27921823693,3.379327921823693,883.0,
زکشت,59615.88211687895,4.961588211687895,1310.0,
زدشت,15044.255565067579,0.5044255565067579,1313.0,
آسامید,10000.0,0.0,0.0,
زفکا,24047.333091338074,1.4047333091338072,751.0,
فنفت,9103.313840155946,-0.08966861598440534,33.0,
ومعلم,115488.83607518888,10.548883607518889,1333.0,
بزاگرس,163201.8912372623,15.32018912372623,1289.0,
زماهان,80011.91312027875,7.001191312027876,1279.0,
زشریف,44199.281025876,3.4199281025876003,887.0,
دکپسول,10000.0,0.0,0.0,
درهآور,10000.0,0.0,0.0,
ثجوان,68408.72847413708,5.840872847413708,806.0,
هجرت,10000.0,0.0,0.0,
رنیک,13373.886766850694,0.33738867668506933,307.0,
غنیلی,9512.105399220305,-0.04878946007796947,483.0,
وهنر,54124.80497605175,4.412480497605175,1112.0,
بجهرم,112328.97563874166,10.232897563874166,1112.0,
دتوزیع,10000.0,0.0,0.0,
خبازرس,10000.0,0.0,0.0,
شساخت,10068.753527225845,0.006875352722584438,66.0,
وپویا,20037.285985859147,1.0037285985859148,939.0,
بگیلان,10000.0,0.0,0.0,
تماوند,7677.5195711715105,-0.23224804288284895,828.0,
جوین,42921.080100346386,3.2921080100346387,806.0,
اتکاسا,5512.522688519242,-0.44874773114807576,319.0,
اتکاسا3,5512.522688519242,-0.44874773114807576,319.0,
گنگین,10000.0,0.0,0.0,
وامین,16176.929305042735,0.6176929305042735,99.0,
وفتخار,18760.470976818444,0.8760470976818444,658.0,
ویسا,21928.041833531584,1.1928041833531586,691.0,
غناب,10752.694849136213,0.07526948491362129,40.0,
یارا,10000.0,0.0,0.0,
صنم,10000.0,0.0,0.0,
وامیر,9611.31572677704,-0.038868427322296006,49.0,
مروارید,10142.272557557528,0.014227255755752788,622.0,
رشد,10000.0,0.0,0.0,
پاداش,10000.0,0.0,0.0,
تسه1401,10000.0,0.0,0.0,
نشان,10000.0,0.0,0.0,
هم وزن,12076.488285618154,0.20764882856181544,609.0,
وآفر,10000.0,0.0,0.0,
استقلال,12623.816378740285,0.26238163787402846,257.0,
پرسپولیس,9197.963553219692,-0.08020364467803087,404.0,
بتهران,11256.940858552984,0.1256940858552984,159.0,
عالیس,10032.69891528417,0.003269891528417057,218.0,
عالیس3,10032.69891528417,0.003269891528417057,218.0,
آکام,10000.0,0.0,0.0,
گارانتی,10000.0,0.0,0.0,
کرمان531,10000.0,0.0,0.0,
آلا,10000.0,0.0,0.0,
ناما,12119.675456389452,0.21196754563894515,35.0,
فاخر,10000.0,0.0,0.0,
فجهان061,,,,insufficient_data
دانیک,10379.915802443782,0.03799158024437821,92.0,
طلوع,10000.0,0.0,0.0,
پتروداریوش,10000.0,0.0,0.0,
خورشید,10000.0,0.0,0.0,
سامان07,,,,insufficient_data
بمولد,12689.374083959849,0.2689374083959848,296.0,
وآتوسح,,,,insufficient_data
اونیکس,10000.0,0.0,0.0,
هوشیار,10000.0,0.0,0.0,
اکتوور075,,,,insufficient_data
تیام,10263.343759459187,0.026334375945918698,96.0,
لوازم مادیران062,,,,insufficient_data
پیروز,12387.567733355536,0.23875677333555356,123.0,
فلزفارابی,12806.276510882017,0.28062765108820176,123.0,
رویین,10000.0,0.0,0.0,
آذرین,10000.0,0.0,0.0,
طبیعت061,10000.0,0.0,0.0,
دامون,10000.0,0.0,0.0,
موج,10000.0,0.0,0.0,
عالیفرد071,10000.0,0.0,0.0,
داروک071,,,,insufficient_data
سمگا061,,,,insufficient_data
خلیج,10261.115031757234,0.026111503175723305,81.0,
بمان,10000.0,0.0,0.0,
اخزا201,10000.0,0.0,0.0,
اخزا202,10000.0,0.0,0.0,
هامون,11110.514181405226,0.11105141814052266,201.0,
مبتکران06,,,,insufficient_data
امین شهر,10000.0,0.0,0.0,
نقشینه061,,,,insufficient_data
پتروآبان,10000.0,0.0,0.0,
اهداف061,,,,insufficient_data
فارما کیان,12050.528583765452,0.2050528583765452,175.0,
فنر,10831.485838298928,0.08314858382989287,166.0,
تکپاد,11683.555162734954,0.16835551627349532,163.0,
بازبیمه,9786.179791312663,-0.021382020868733753,125.0,
آردینه,10000.0,0.0,0.0,
تخت گاز,11102.267433697256,0.11022674336972549,174.0,
پایش,10000.0,0.0,0.0,
اخزا203,10000.0,0.0,0.0,
سپینود,10020.0,0.0020000000000000018,128.0,
اصیل,10000.0,0.0,0.0,
شفام,10000.0,0.0,0.0,
معین,13313.36299488435,0.331336299488435,26.0,
خنور,10000.0,0.0,0.0,
اخزا204,10000.0,0.0,0.0,
کربن,10000.0,0.0,0.0,
خبرنا,10000.0,0.0,0.0,
دزاگرس,10000.0,0.0,0.0,
آسان,,,,insufficient_data
نیشکر,,,,insufficient_data
اتوداریوش,,,,insufficient_data
چتر,,,,insufficient_data
اخشان,,,,insufficient_data
پناه,,,,insufficient_data
خیمن,,,,insufficient_data
