symbol1,symbol2,correlation
آریان,توریل,0.7853500632888116
آریان,توریل3,0.7853500632888116
آریان,دی,0.745445791377127
آریان,زنجان,0.884829520442404
آریان,سامان,0.8730603282221938
آریان,شلرد,0.7317091187463038
آریان,نوین,0.8190232457609002
آریان,وملل,0.8749590182830059
آریان,کیسون,0.7927602775690178
آسامید,اوصتا,0.9905803812530527
آسامید,اونیکس,0.9585411401612934
آسامید,خکاوه,0.7462114983685009
آسامید,دامون,0.9440552990995003
آسامید,فاخر,0.9674106319229869
آسامید,نشان,0.9893589921089606
آسامید,پاداش,0.9849736057906285
اوصتا,اونیکس,0.999801273287268
اوصتا,خکاوه,0.7626324485888161
اوصتا,دامون,0.9906565751759272
اوصتا,فاخر,0.9999046304453537
اوصتا,نشان,0.9993879222428802
اوصتا,پاداش,0.9944303353083633
اونیکس,دامون,0.9905845109550321
اونیکس,فاخر,0.9997282339032041
اونیکس,نشان,0.9991256163090089
اونیکس,پاداش,0.9998006450052923
بتهران,میهن,0.7123843373097044
بتهران,میهن3,0.7149622572432189
بجهرم,توریل,0.7101292695944316
بجهرم,توریل3,0.7101292695944316
بجهرم,جهرم,0.8120893305658388
بجهرم,حآسا3,0.8734323322642389
بجهرم,خکرمان,0.7589265364723343
بجهرم,دی,0.725490748608609
بجهرم,زبینا,0.8764949573609258
بجهرم,زقیام,0.7475994179605298
بجهرم,سامان,0.797955509630833
بجهرم,غشهداب,0.8882031347527887
بجهرم,غویتا,0.7848288197942854
بجهرم,فبیرا,0.8253484543995518
بجهرم,لکما,0.8093309339403317
بجهرم,مادیرا,0.8785383177513604
بجهرم,نوین,0.8122690101577124
بجهرم,وآرین,0.8790956739150799
بجهرم,وتعاون,0.7195492023571814
بجهرم,وتعاون3,0.7195492023571814
بجهرم,ومعلم,0.9126640340295443
بجهرم,کرمان,0.7930261546372852
بجهرم,کیسون,0.7762661417182585
بجهرم,گکوثر,0.8073643800688249
توریل,توریل3,1.0
توریل,جهرم,0.8237920255301828
توریل,دی,0.7530447047153542
توریل,زبینا,0.7826746016051772
توریل,زقیام,0.8663478461370414
توریل,زنجان,0.9346050708716211
توریل,سامان,0.912367436330917
توریل,غویتا,0.7514222483006168
توریل,لکما,0.8430231265792976
توریل,نوین,0.9303979937901747
توریل,وآرین,0.8681345141562171
توریل,وتعاون,0.9220958016395304
توریل,وتعاون3,0.9220958016395304
توریل,ورازی,0.757066679450255
توریل,ولشرق,0.7897215986938279
توریل,ولشرق3,0.7897215986938279
توریل,ومعلم,0.7244829390901116
توریل,وملل,0.8904483509786183
توریل,وپویا,0.7005355228476601
توریل,کرمان,0.7134906081744017
توریل,کیسون,0.8713841336798376
توریل3,جهرم,0.8237920255301828
توریل3,دی,0.7530447047153542
توریل3,زبینا,0.7826746016051772
توریل3,زقیام,0.8663478461370414
توریل3,زنجان,0.9346050708716211
توریل3,سامان,0.912367436330917
توریل3,غویتا,0.7514222483006168
توریل3,لکما,0.8430231265792976
توریل3,نوین,0.9303979937901747
توریل3,وآرین,0.8681345141562171
توریل3,وتعاون,0.9220958016395304
توریل3,وتعاون3,0.9220958016395304
توریل3,ورازی,0.757066679450255
توریل3,ولشرق,0.7897215986938279
توریل3,ولشرق3,0.7897215986938279
توریل3,ومعلم,0.7244829390901116
توریل3,وملل,0.8904483509786183
توریل3,وپویا,0.7005355228476601
توریل3,کرمان,0.7134906081744017
توریل3,کیسون,0.8713841336798376
ثتران,ثغرب,0.8720135162250863
ثتران,خکرمان,0.8415604364342613
ثتران,میهن,0.7332475035246724
ثتران,میهن3,0.7332514371753822
ثتران,وآرین,0.7105182674512066
ثغرب,خکاوه,0.741662870116779
ثغرب,خکرمان,0.7732120827654114
ثغرب,شلرد,0.7164244757520155
ثغرب,میهن,0.7299839166504829
ثغرب,میهن3,0.7299374118526042
ثغرب,وشهر,0.7896505797305124
جهرم,حآسا3,0.8457169616224631
جهرم,دی,0.8462693456560528
جهرم,زبینا,0.8851588784677017
جهرم,زقیام,0.8648134170064818
جهرم,زنجان,0.7674916844726106
جهرم,سامان,0.8769149199580205
جهرم,غویتا,0.8895561337374613
جهرم,لکما,0.922111645882295
جهرم,مادیرا,0.8767089489502583
جهرم,نوین,0.8773565105940717
جهرم,وآرین,0.880727381129317
جهرم,وتعاون,0.8905216374197318
جهرم,وتعاون3,0.8905216374197318
جهرم,ورازی,0.7933880198458312
جهرم,ولشرق,0.7656767176331578
جهرم,ولشرق3,0.7656767176331578
جهرم,ومعلم,0.844278807198384
جهرم,وملل,0.785659338072046
جهرم,وپویا,0.8684220030429975
جهرم,کرمان,0.8638208970190489
جهرم,کیسون,0.9035695495541956
جهرم,گکوثر,0.8013791172176786
حآسا3,دی,0.9227775826303252
حآسا3,زبینا,0.9578568685631238
حآسا3,زقیام,0.7753035652063677
حآسا3,سامان,0.7891621636986726
حآسا3,غشهداب,0.7239104285432663
حآسا3,غویتا,0.8902356563569226
حآسا3,لکما,0.8733740033561749
حآسا3,مادیرا,0.8953787585864684
حآسا3,نوین,0.7828736549600239
حآسا3,وآرین,0.8166209001108264
حآسا3,وتعاون,0.7212204157615895
حآسا3,وتعاون3,0.7212204157615895
حآسا3,ومعلم,0.899474302355557
حآسا3,وپویا,0.7541221730896958
حآسا3,کرمان,0.8502265135603889
حآسا3,کیسون,0.851753681417344
حآسا3,گکوثر,0.9698574716580113
خصدرا,خودرو,0.7429929888842404
خصدرا,وپویا,0.8272706268466692
خودرو,موج,0.8959113663021655
خکاوه,میهن,0.774249071798384
خکاوه,میهن3,0.774231548610427
خکاوه,وشهر,0.7803871089391988
دامون,فاخر,0.991717282151219
دامون,نشان,0.9937351589675124
دامون,پاداش,0.9906039130931508
دی,زبینا,0.8753670766319825
دی,زقیام,0.7974904171412791
دی,زنجان,0.7577755198148372
دی,سامان,0.8497795996506137
دی,غویتا,0.8610065906671523
دی,لکما,0.8785112214345859
دی,مادیرا,0.7890006249297206
دی,نوین,0.787451490584619
دی,وآرین,0.790490872202486
دی,وتعاون,0.7891580729382833
دی,وتعاون3,0.7891580729382833
دی,ورازی,0.9653908128150752
دی,ومعلم,0.8090545392263366
دی,وملل,0.7793717639563474
دی,وپویا,0.8818110494449148
دی,کرمان,0.8314378735104833
دی,کیسون,0.92211456160066
دی,گکوثر,0.9145448963685513
زبینا,زقیام,0.8326011467361542
زبینا,سامان,0.8200159417285856
زبینا,غشهداب,0.7453301893352674
زبینا,غویتا,0.9201668645421205
زبینا,لکما,0.9127993787216465
زبینا,مادیرا,0.9156393506243292
زبینا,نوین,0.822733611854579
زبینا,وآرین,0.8859012306042727
زبینا,وتعاون,0.8224242532169769
زبینا,وتعاون3,0.8224242532169769
زبینا,ورازی,0.7287814614304845
زبینا,ومعلم,0.8999404599393712
زبینا,وپویا,0.7705621249483522
زبینا,کرمان,0.9237130311597939
زبینا,کیسون,0.848183687891474
زبینا,گکوثر,0.894062648014043
زقیام,زنجان,0.8339079589668239
زقیام,سامان,0.849356302241731
زقیام,غویتا,0.8475389526553324
زقیام,لکما,0.9230749973992882
زقیام,مادیرا,0.8314190943796648
زقیام,موج,0.8327487031434481
زقیام,نشان,0.789869516758365
زقیام,نوین,0.8671336331007614
زقیام,وآرین,0.8394729633345015
زقیام,وتعاون,0.8876089302383435
زقیام,وتعاون3,0.8876089302383435
زقیام,ورازی,0.7648401965048435
زقیام,ومعلم,0.8244744267277374
زقیام,وملل,0.7440080186732801
زقیام,وپویا,0.7992136438665433
زقیام,پاداش,0.7778084245811204
زقیام,کرمان,0.8593530551200498
زقیام,کیسون,0.8862937018077724
زقیام,گکوثر,0.7307354840083986
زنجان,سامان,0.8992465709785745
زنجان,لکما,0.7984714511021855
زنجان,نوین,0.9031700949876684
زنجان,وآرین,0.7990005793837517
زنجان,وتعاون,0.9067956270673388
زنجان,وتعاون3,0.9067956270673388
زنجان,ورازی,0.759044741888897
زنجان,ولشرق,0.7684055879281633
زنجان,ولشرق3,0.7684055879281633
زنجان,وملل,0.9471920054211441
زنجان,کیسون,0.8605989700451385
سامان,غویتا,0.7980528677189862
سامان,لکما,0.8595979464583676
سامان,مادیرا,0.7607960510212743
سامان,نوین,0.9593652975145524
سامان,وآرین,0.8836071172940335
سامان,وتعاون,0.8927296265630501
سامان,وتعاون3,0.8927296265630501
سامان,ورازی,0.7190626493544485
سامان,ولشرق,0.7806106741746123
سامان,ولشرق3,0.7806106741746123
سامان,ومعلم,0.8584471292098188
سامان,وملل,0.9067154451102534
سامان,وپویا,0.7868204555859485
سامان,کرمان,0.7476428398626731
سامان,کیسون,0.9437471281888739
سامان,گکوثر,0.7129280746911304
شپلی,شپلی2,1.0
غشهداب,مادیرا,0.7607539557156459
غشهداب,نوین,0.7200630169278026
غشهداب,وآرین,0.7528914642259935
غشهداب,ومعلم,0.7973043170976327
غویتا,لکما,0.9458433623721341
غویتا,مادیرا,0.9194387223253788
غویتا,نوین,0.7659211410492515
غویتا,وآرین,0.8210203494998082
غویتا,وتعاون,0.8365058176268645
غویتا,وتعاون3,0.8365058176268645
غویتا,ورازی,0.7877238869713203
غویتا,ومعلم,0.8542622322118892
غویتا,وپویا,0.9075269168829888
غویتا,کرمان,0.9190359875667922
غویتا,کیسون,0.8491536647766622
غویتا,گکوثر,0.8883338283200045
فاخر,نشان,0.9995254079296401
فاخر,پاداش,0.9998985625432502
فبیرا,مادیرا,0.7903863189986522
فبیرا,ومعلم,0.7749849042999669
لکما,مادیرا,0.9047219103641003
لکما,نوین,0.8472843730826822
لکما,وآرین,0.8833790201823652
لکما,وتعاون,0.8977042095184766
لکما,وتعاون3,0.8977042095184766
لکما,ورازی,0.8324032213236802
لکما,ولشرق,0.7197100256873615
لکما,ولشرق3,0.7197100256873615
لکما,ومعلم,0.8826567059533817
لکما,وملل,0.7569612558489455
لکما,وپویا,0.8940807591458853
لکما,کرمان,0.9061759775747885
لکما,کیسون,0.9107029679493693
لکما,گکوثر,0.8464424967109136
مادیرا,نوین,0.7519098752498392
مادیرا,وآرین,0.8288090518584169
مادیرا,وتعاون,0.7381385473709704
مادیرا,وتعاون3,0.7381385473709704
مادیرا,ومعلم,0.9095090137450506
مادیرا,وپویا,0.8371618860717741
مادیرا,کرمان,0.9320707205709154
مادیرا,کیسون,0.7910570120728734
مادیرا,گکوثر,0.8934146914419583
موج,کیسون,0.861322585698399
میهن,میهن3,1.0
میهن,وشهر,0.8179629378812685
میهن3,وشهر,0.8179339196625365
نشان,وآرین,0.8170019589455613
نشان,پاداش,0.9967886541087079
نوین,وآرین,0.9093877341244676
نوین,وتعاون,0.9012030871740623
نوین,وتعاون3,0.9012030871740623
نوین,ورازی,0.7320095629573293
نوین,ولشرق,0.730945423164348
نوین,ولشرق3,0.730945423164348
نوین,ومعلم,0.825714602747667
نوین,وملل,0.8626041928155719
نوین,کرمان,0.7198764827607324
نوین,کیسون,0.9085768763666167
وآرین,وتعاون,0.8585053031505246
وآرین,وتعاون3,0.8585053031505246
وآرین,ولشرق,0.7933251715615262
وآرین,ولشرق3,0.7933251715615262
وآرین,ومعلم,0.8764968672529493
وآرین,وملل,0.768709833941778
وآرین,وپویا,0.7840058070101723
وآرین,پاداش,0.8254126216912422
وآرین,کرمان,0.7788424050887485
وآرین,کیسون,0.8703133697393155
وآرین,گکوثر,0.7246156701084231
وتعاون,وتعاون3,1.0
وتعاون,ورازی,0.7983192293179474
وتعاون,ولشرق,0.8047818427330253
وتعاون,ولشرق3,0.8047818427330253
وتعاون,ومعلم,0.7569250207653552
وتعاون,وملل,0.86917362587135
وتعاون,وپویا,0.7804455700105966
وتعاون,کرمان,0.7959845124048573
وتعاون,کیسون,0.8901435518092555
وتعاون3,ورازی,0.7983192293179474
وتعاون3,ولشرق,0.8047818427330253
وتعاون3,ولشرق3,0.8047818427330253
وتعاون3,ومعلم,0.7569250207653552
وتعاون3,وملل,0.86917362587135
وتعاون3,وپویا,0.7804455700105966
وتعاون3,کرمان,0.7959845124048573
وتعاون3,کیسون,0.8901435518092555
ورازی,وملل,0.7084355004469572
ورازی,وپویا,0.9001739756839627
ورازی,کرمان,0.7227442243612989
ورازی,کیسون,0.8419861450559669
ولشرق,ولشرق3,1.0
ولشرق,وپویا,0.7309546021615017
ولشرق,کیسون,0.7581839270421762
ولشرق3,وپویا,0.7309546021615017
ولشرق3,کیسون,0.7581839270421762
ومعلم,وپویا,0.7613691435239176
ومعلم,کرمان,0.8432246590483388
ومعلم,کیسون,0.8655164012645568
ومعلم,گکوثر,0.8782925475001321
وملل,وپویا,0.7723737818432953
وملل,کیسون,0.8551300774095019
وپویا,کرمان,0.8476901974797147
وپویا,کیسون,0.8651917489210816
وپویا,گکوثر,0.8088160992285489
کرمان,کیسون,0.7896935205716206
کرمان,گکوثر,0.8340677730604176
کیسون,گکوثر,0.8087029692046486
